<?xml version='1.0' encoding='UTF-8'?>
<metadata>
  <android.arch.core/>
  <android.arch.lifecycle/>
  <android.arch.navigation/>
  <android.arch.paging/>
  <android.arch.persistence/>
  <android.arch.persistence.room/>
  <android.arch.work/>
  <androidx.activity/>
  <androidx.ads/>
  <androidx.annotation/>
  <androidx.appcompat/>
  <androidx.appsearch/>
  <androidx.arch.core/>
  <androidx.asynclayoutinflater/>
  <androidx.autofill/>
  <androidx.benchmark/>
  <androidx.biometric/>
  <androidx.browser/>
  <androidx.camera/>
  <androidx.car/>
  <androidx.car.app/>
  <androidx.cardview/>
  <androidx.collection/>
  <androidx.compose/>
  <androidx.compose.animation/>
  <androidx.compose.compiler/>
  <androidx.compose.foundation/>
  <androidx.compose.material/>
  <androidx.compose.runtime/>
  <androidx.compose.ui/>
  <androidx.concurrent/>
  <androidx.constraintlayout/>
  <androidx.contentpager/>
  <androidx.coordinatorlayout/>
  <androidx.core/>
  <androidx.cursoradapter/>
  <androidx.customview/>
  <androidx.databinding/>
  <androidx.datastore/>
  <androidx.documentfile/>
  <androidx.drawerlayout/>
  <androidx.dynamicanimation/>
  <androidx.emoji/>
  <androidx.emoji2/>
  <androidx.enterprise/>
  <androidx.exifinterface/>
  <androidx.fragment/>
  <androidx.games/>
  <androidx.gaming/>
  <androidx.gridlayout/>
  <androidx.health/>
  <androidx.heifwriter/>
  <androidx.hilt/>
  <androidx.interpolator/>
  <androidx.leanback/>
  <androidx.legacy/>
  <androidx.lifecycle/>
  <androidx.loader/>
  <androidx.localbroadcastmanager/>
  <androidx.media/>
  <androidx.media2/>
  <androidx.mediarouter/>
  <androidx.multidex/>
  <androidx.navigation/>
  <androidx.navigation.safeargs/>
  <androidx.navigation.safeargs.kotlin/>
  <androidx.paging/>
  <androidx.palette/>
  <androidx.percentlayout/>
  <androidx.preference/>
  <androidx.print/>
  <androidx.recommendation/>
  <androidx.recyclerview/>
  <androidx.remotecallback/>
  <androidx.resourceinspection/>
  <androidx.room/>
  <androidx.savedstate/>
  <androidx.security/>
  <androidx.sharetarget/>
  <androidx.slice/>
  <androidx.slidingpanelayout/>
  <androidx.sqlite/>
  <androidx.startup/>
  <androidx.swiperefreshlayout/>
  <androidx.test/>
  <androidx.test.espresso/>
  <androidx.test.espresso.idling/>
  <androidx.test.ext/>
  <androidx.test.janktesthelper/>
  <androidx.test.services/>
  <androidx.test.uiautomator/>
  <androidx.textclassifier/>
  <androidx.tracing/>
  <androidx.transition/>
  <androidx.tvprovider/>
  <androidx.ui/>
  <androidx.vectordrawable/>
  <androidx.versionedparcelable/>
  <androidx.viewpager/>
  <androidx.viewpager2/>
  <androidx.wear/>
  <androidx.wear.tiles/>
  <androidx.webkit/>
  <androidx.window/>
  <androidx.work/>
  <com.android/>
  <com.android.application/>
  <com.android.asset-pack/>
  <com.android.asset-pack-bundle/>
  <com.android.billingclient/>
  <com.android.databinding/>
  <com.android.dynamic-feature/>
  <com.android.installreferrer/>
  <com.android.java.tools.build/>
  <com.android.library/>
  <com.android.lint/>
  <com.android.ndk.thirdparty/>
  <com.android.reporting/>
  <com.android.support/>
  <com.android.support.constraint/>
  <com.android.support.test/>
  <com.android.support.test.espresso/>
  <com.android.support.test.espresso.idling/>
  <com.android.support.test.janktesthelper/>
  <com.android.support.test.services/>
  <com.android.support.test.uiautomator/>
  <com.android.test/>
  <com.android.tools/>
  <com.android.tools.analytics-library/>
  <com.android.tools.apkparser/>
  <com.android.tools.build/>
  <com.android.tools.build.jetifier/>
  <com.android.tools.chunkio/>
  <com.android.tools.ddms/>
  <com.android.tools.emulator/>
  <com.android.tools.external.com-intellij/>
  <com.android.tools.external.org-jetbrains/>
  <com.android.tools.fakeadbserver/>
  <com.android.tools.internal.build.test/>
  <com.android.tools.layoutlib/>
  <com.android.tools.lint/>
  <com.android.tools.metalava/>
  <com.android.tools.pixelprobe/>
  <com.android.tools.utp/>
  <com.android.volley/>
  <com.crashlytics.sdk.android/>
  <com.google.ads.afsn/>
  <com.google.ads.interactivemedia.v3/>
  <com.google.ads.mediation/>
  <com.google.android.ads/>
  <com.google.android.ads.consent/>
  <com.google.android.apps.common.testing.accessibility.framework/>
  <com.google.android.datatransport/>
  <com.google.android.enterprise.connectedapps/>
  <com.google.android.exoplayer/>
  <com.google.android.fhir/>
  <com.google.android.flexbox/>
  <com.google.android.games/>
  <com.google.android.gms/>
  <com.google.android.instantapps/>
  <com.google.android.instantapps.thirdpartycompat/>
  <com.google.android.libraries.car/>
  <com.google.android.libraries.maps/>
  <com.google.android.libraries.places/>
  <com.google.android.material/>
  <com.google.android.mediahome/>
  <com.google.android.play/>
  <com.google.android.support/>
  <com.google.android.things/>
  <com.google.android.ump/>
  <com.google.android.wearable/>
  <com.google.androidbrowserhelper/>
  <com.google.ar/>
  <com.google.ar.sceneform/>
  <com.google.ar.sceneform.ux/>
  <com.google.assistant.appactions/>
  <com.google.assistant.suggestion/>
  <com.google.chromeos/>
  <com.google.devtools.ksp/>
  <com.google.fhir/>
  <com.google.firebase/>
  <com.google.gms/>
  <com.google.jacquard/>
  <com.google.mlkit/>
  <com.google.oboe/>
  <com.google.prefab/>
  <com.google.test.platform/>
  <com.google.testing.platform/>
  <io.fabric.sdk.android/>
  <org.chromium.net/>
  <org.jetbrains.kotlin/>
  <tools.base.build-system.debug/>
  <zipflinger/>
</metadata>
